"lat","lon","vals","standard_name","long_name","units"
-60.125,-69.875,384922699.6099872,"area","area of grid cell","m2"
-60.125,-69.625,384922699.6099876,,,
-60.125,-69.375,384922699.60998994,,,
-60.125,-69.125,384922699.61001116,,,
-60.125,-68.875,384922699.609988,,,
-60.125,-68.625,384922699.60998946,,,
-60.125,-68.375,384922699.6099986,,,
-60.125,-68.125,384922699.60998905,,,
-60.125,-67.875,384922699.6100085,,,
-60.125,-67.625,384922699.6099923,,,
-60.125,-67.375,384922699.6099892,,,
-60.125,-67.125,384922699.60999256,,,
-60.125,-66.875,384922699.61001027,,,
-60.125,-66.625,384922699.609988,,,
-60.125,-66.375,384922699.60998863,,,
-60.125,-66.125,384922699.60999733,,,
-60.125,-65.875,384922699.6099866,,,
-60.125,-65.625,384922699.61000806,,,
-60.125,-65.375,384922699.6099908,,,
-60.125,-65.125,384922699.60999143,,,
-60.125,-64.875,384922699.60998994,,,
-60.125,-64.625,384922699.6100076,,,
-60.125,-64.375,384922699.60998595,,,
-60.125,-64.125,384922699.6099912,,,
-60.125,-63.875,384922699.6099886,,,
-60.125,-63.625,384922699.6099909,,,
-60.125,-63.375,384922699.61001045,,,
-60.125,-63.125,384922699.6099899,,,
-60.125,-62.875,384922699.609987,,,
-60.125,-62.625,384922699.609987,,,
-60.125,-62.375,384922699.6100187,,,
-60.125,-62.125,384922699.60998875,,,
-60.125,-61.875,384922699.60998434,,,
-60.125,-61.625,384922699.60999453,,,
-60.125,-61.375,384922699.60998505,,,
-60.125,-61.125,384922699.61001235,,,
-60.125,-60.875,384922699.6099886,,,
-60.125,-60.625,384922699.60998774,,,
-60.125,-60.375,384922699.60999304,,,
-60.125,-60.125,384922699.610009,,,
-60.125,-59.875,384922699.6099834,,,
-60.125,-59.625,384922699.60999733,,,
-60.125,-59.375,384922699.60999036,,,
-60.125,-59.125,384922699.60998595,,,
-60.125,-58.875,384922699.6100128,,,
-60.125,-58.625,384922699.6099904,,,
-60.125,-58.375,384922699.6099932,,,
-60.125,-58.125,384922699.6099908,,,
-60.125,-57.875,384922699.6100053,,,
-60.125,-57.625,384922699.60998887,,,
-60.125,-57.375,384922699.6099927,,,
-60.125,-57.125,384922699.6099912,,,
-60.125,-56.875,384922699.6100032,,,
-60.125,-56.625,384922699.6099851,,,
-60.125,-56.375,384922699.60999775,,,
-60.125,-56.125,384922699.6099876,,,
-60.125,-55.875,384922699.61000174,,,
-60.125,-55.625,384922699.6099891,,,
-60.125,-55.375,384922699.61000794,,,
-60.125,-55.125,384922699.60998946,,,
-60.125,-54.875,384922699.6099905,,,
-60.125,-54.625,384922699.60999405,,,
-60.125,-54.375,384922699.6099912,,,
-60.125,-54.125,384922699.6099987,,,
-60.125,-53.875,384922699.60999566,,,
-60.125,-53.625,384922699.6100027,,,
-60.125,-53.375,384922699.6099847,,,
-60.125,-53.125,384922699.60999835,,,
-60.125,-52.875,384922699.6099832,,,
-60.125,-52.625,384922699.609999,,,
-60.125,-52.375,384922699.60999775,,,
-60.125,-52.125,384922699.60998964,,,
-60.125,-51.875,384922699.60999405,,,
-60.125,-51.625,384922699.60999215,,,
-60.125,-51.375,384922699.60999894,,,
-60.125,-51.125,384922699.60999656,,,
-60.125,-50.875,384922699.6099994,,,
-60.125,-50.625,384922699.60998154,,,
-60.125,-50.375,384922699.6099886,,,
-60.125,-50.125,384922699.61001045,,,
-60.375,-69.875,381995273.1949068,,,
-60.375,-69.625,381995273.19490886,,,
-60.375,-69.375,381995273.1949102,,,
-60.375,-69.125,381995273.1949314,,,
-60.375,-68.875,381995273.1949075,,,
-60.375,-68.625,381995273.1949094,,,
-60.375,-68.375,381995273.19491476,,,
-60.375,-68.125,381995273.1949051,,,
-60.375,-67.875,381995273.1949254,,,
-60.375,-67.625,381995273.1949118,,,
-60.375,-67.375,381995273.1949083,,,
-60.375,-67.125,381995273.1949085,,,
-60.375,-66.875,381995273.1949281,,,
-60.375,-66.625,381995273.19491035,,,
-60.375,-66.375,381995273.1949102,,,
-60.375,-66.125,381995273.1949152,,,
-60.375,-65.875,381995273.19490623,,,
-60.375,-65.625,381995273.19492805,,,
-60.375,-65.375,381995273.19491094,,,
-60.375,-65.125,381995273.1949069,,,
-60.375,-64.875,381995273.1949079,,,
-60.375,-64.625,381995273.19492745,,,
-60.375,-64.375,381995273.19490445,,,
-60.375,-64.125,381995273.19490784,,,
-60.375,-63.875,381995273.1949082,,,
-60.375,-63.625,381995273.1949082,,,
-60.375,-63.375,381995273.19493175,,,
-60.375,-63.125,381995273.19491214,,,
-60.375,-62.875,381995273.1949057,,,
-60.375,-62.625,381995273.1949115,,,
-60.375,-62.375,381995273.1949355,,,
-60.375,-62.125,381995273.194905,,,
-60.375,-61.875,381995273.194906,,,
-60.375,-61.625,381995273.1949134,,,
-60.375,-61.375,381995273.1949094,,,
-60.375,-61.125,381995273.19493103,,,
-60.375,-60.875,381995273.1949084,,,
-60.375,-60.625,381995273.19490874,,,
-60.375,-60.375,381995273.19491094,,,
-60.375,-60.125,381995273.19493,,,
-60.375,-59.875,381995273.1949058,,,
-60.375,-59.625,381995273.19491655,,,
-60.375,-59.375,381995273.19490355,,,
-60.375,-59.125,381995273.1949068,,,
-60.375,-58.875,381995273.19493484,,,
-60.375,-58.625,381995273.1949115,,,
-60.375,-58.375,381995273.19491243,,,
-60.375,-58.125,381995273.1949053,,,
-60.375,-57.875,381995273.1949246,,,
-60.375,-57.625,381995273.19490606,,,
-60.375,-57.375,381995273.19491494,,,
-60.375,-57.125,381995273.19491327,,,
-60.375,-56.875,381995273.1949239,,,
-60.375,-56.625,381995273.1949032,,,
-60.375,-56.375,381995273.1949184,,,
-60.375,-56.125,381995273.1949064,,,
-60.375,-55.875,381995273.19492185,,,
-60.375,-55.625,381995273.19491506,,,
-60.375,-55.375,381995273.1949209,,,
-60.375,-55.125,381995273.19490707,,,
-60.375,-54.875,381995273.19490665,,,
-60.375,-54.625,381995273.19491494,,,
-60.375,-54.375,381995273.1949139,,,
-60.375,-54.125,381995273.194916,,,
-60.375,-53.875,381995273.1949068,,,
-60.375,-53.625,381995273.1949278,,,
-60.375,-53.375,381995273.19490445,,,
-60.375,-53.125,381995273.19492066,,,
-60.375,-52.875,381995273.1949098,,,
-60.375,-52.625,381995273.19492054,,,
-60.375,-52.375,381995273.19492155,,,
-60.375,-52.125,381995273.1949081,,,
-60.375,-51.875,381995273.1949159,,,
-60.375,-51.625,381995273.1949085,,,
-60.375,-51.375,381995273.19491535,,,
-60.375,-51.125,381995273.1949133,,,
-60.375,-50.875,381995273.1949165,,,
-60.375,-50.625,381995273.19490063,,,
-60.375,-50.375,381995273.1949058,,,
-60.375,-50.125,381995273.19492924,,,
-60.625,-69.875,379060574.28049594,,,
-60.625,-69.625,379060574.28049856,,,
-60.625,-69.375,379060574.2805003,,,
-60.625,-69.125,379060574.28051674,,,
-60.625,-68.875,379060574.2804973,,,
-60.625,-68.625,379060574.2805026,,,
-60.625,-68.375,379060574.28049767,,,
-60.625,-68.125,379060574.2805,,,
-60.625,-67.875,379060574.2805119,,,
-60.625,-67.625,379060574.28050065,,,
-60.625,-67.375,379060574.2804993,,,
-60.625,-67.125,379060574.28049815,,,
-60.625,-66.875,379060574.28052115,,,
-60.625,-66.625,379060574.28049624,,,
-60.625,-66.375,379060574.28049695,,,
-60.625,-66.125,379060574.2805022,,,
-60.625,-65.875,379060574.28049266,,,
-60.625,-65.625,379060574.28051305,,,
-60.625,-65.375,379060574.2805037,,,
-60.625,-65.125,379060574.2804993,,,
-60.625,-64.875,379060574.28049886,,,
-60.625,-64.625,379060574.28051734,,,
-60.625,-64.375,379060574.2804949,,,
-60.625,-64.125,379060574.2805019,,,
-60.625,-63.875,379060574.2804961,,,
-60.625,-63.625,379060574.2805007,,,
-60.625,-63.375,379060574.2805225,,,
-60.625,-63.125,379060574.28049994,,,
-60.625,-62.875,379060574.28049767,,,
-60.625,-62.625,379060574.28050476,,,
-60.625,-62.375,379060574.2805207,,,
-60.625,-62.125,379060574.28050053,,,
-60.625,-61.875,379060574.28049594,,,
-60.625,-61.625,379060574.2805032,,,
-60.625,-61.375,379060574.28049314,,,
-60.625,-61.125,379060574.2805181,,,
-60.625,-60.875,379060574.2804971,,,
-60.625,-60.625,379060574.2804954,,,
-60.625,-60.375,379060574.2805025,,,
-60.625,-60.125,379060574.28052086,,,
-60.625,-59.875,379060574.2804979,,,
-60.625,-59.625,379060574.2805057,,,
-60.625,-59.375,379060574.28049564,,,
-60.625,-59.125,379060574.28049886,,,
-60.625,-58.875,379060574.2805239,,,
-60.625,-58.625,379060574.2804976,,,
-60.625,-58.375,379060574.2805031,,,
-60.625,-58.125,379060574.2804873,,,
-60.625,-57.875,379060574.2805177,,,
-60.625,-57.625,379060574.2804938,,,
-60.625,-57.375,379060574.28050065,,,
-60.625,-57.125,379060574.2804999,,,
-60.625,-56.875,379060574.2805151,,,
-60.625,-56.625,379060574.2804956,,,
-60.625,-56.375,379060574.2805118,,,
-60.625,-56.125,379060574.28049415,,,
-60.625,-55.875,379060574.2805122,,,
-60.625,-55.625,379060574.2805016,,,
-60.625,-55.375,379060574.28051233,,,
-60.625,-55.125,379060574.280498,,,
-60.625,-54.875,379060574.28049964,,,
-60.625,-54.625,379060574.28050643,,,
-60.625,-54.375,379060574.2805041,,,
-60.625,-54.125,379060574.280506,,,
-60.625,-53.875,379060574.2804956,,,
-60.625,-53.625,379060574.2805133,,,
-60.625,-53.375,379060574.2804977,,,
-60.625,-53.125,379060574.2805137,,,
-60.625,-52.875,379060574.2804902,,,
-60.625,-52.625,379060574.28050613,,,
-60.625,-52.375,379060574.2805095,,,
-60.625,-52.125,379060574.2804979,,,
-60.625,-51.875,379060574.2805071,,,
-60.625,-51.625,379060574.2805056,,,
-60.625,-51.375,379060574.2805096,,,
-60.625,-51.125,379060574.2805058,,,
-60.625,-50.875,379060574.28050613,,,
-60.625,-50.625,379060574.28049445,,,
-60.625,-50.375,379060574.2804975,,,
-60.625,-50.125,379060574.2805166,,,
-60.875,-69.875,376118658.7391316,,,
-60.875,-69.625,376118658.739137,,,
-60.875,-69.375,376118658.7391361,,,
-60.875,-69.125,376118658.73914975,,,
-60.875,-68.875,376118658.7391327,,,
-60.875,-68.625,376118658.73913395,,,
-60.875,-68.375,376118658.73913157,,,
-60.875,-68.125,376118658.7391316,,,
-60.875,-67.875,376118658.7391471,,,
-60.875,-67.625,376118658.7391382,,,
-60.875,-67.375,376118658.73913264,,,
-60.875,-67.125,376118658.7391299,,,
-60.875,-66.875,376118658.73915184,,,
-60.875,-66.625,376118658.7391346,,,
-60.875,-66.375,376118658.7391356,,,
-60.875,-66.125,376118658.73913616,,,
-60.875,-65.875,376118658.7391274,,,
-60.875,-65.625,376118658.73915184,,,
-60.875,-65.375,376118658.7391374,,,
-60.875,-65.125,376118658.7391335,,,
-60.875,-64.875,376118658.73913485,,,
-60.875,-64.625,376118658.73914814,,,
-60.875,-64.375,376118658.73913145,,,
-60.875,-64.125,376118658.73913383,,,
-60.875,-63.875,376118658.7391291,,,
-60.875,-63.625,376118658.73912954,,,
-60.875,-63.375,376118658.7391533,,,
-60.875,-63.125,376118658.7391308,,,
-60.875,-62.875,376118658.73913336,,,
-60.875,-62.625,376118658.73913413,,,
-60.875,-62.375,376118658.7391571,,,
-60.875,-62.125,376118658.7391308,,,
-60.875,-61.875,376118658.73912984,,,
-60.875,-61.625,376118658.7391341,,,
-60.875,-61.375,376118658.73912984,,,
-60.875,-61.125,376118658.7391572,,,
-60.875,-60.875,376118658.7391344,,,
-60.875,-60.625,376118658.73913604,,,
-60.875,-60.375,376118658.73913205,,,
-60.875,-60.125,376118658.7391517,,,
-60.875,-59.875,376118658.73913044,,,
-60.875,-59.625,376118658.7391386,,,
-60.875,-59.375,376118658.7391304,,,
-60.875,-59.125,376118658.7391323,,,
-60.875,-58.875,376118658.7391591,,,
-60.875,-58.625,376118658.73912966,,,
-60.875,-58.375,376118658.7391327,,,
-60.875,-58.125,376118658.7391275,,,
-60.875,-57.875,376118658.7391532,,,
-60.875,-57.625,376118658.7391278,,,
-60.875,-57.375,376118658.73913723,,,
-60.875,-57.125,376118658.73913586,,,
-60.875,-56.875,376118658.739146,,,
-60.875,-56.625,376118658.7391309,,,
-60.875,-56.375,376118658.7391396,,,
-60.875,-56.125,376118658.7391331,,,
-60.875,-55.875,376118658.739143,,,
-60.875,-55.625,376118658.73913354,,,
-60.875,-55.375,376118658.7391553,,,
-60.875,-55.125,376118658.73913324,,,
-60.875,-54.875,376118658.73912627,,,
-60.875,-54.625,376118658.73913443,,,
-60.875,-54.375,376118658.7391404,,,
-60.875,-54.125,376118658.73914385,,,
-60.875,-53.875,376118658.7391393,,,
-60.875,-53.625,376118658.7391471,,,
-60.875,-53.375,376118658.7391364,,,
-60.875,-53.125,376118658.73914856,,,
-60.875,-52.875,376118658.73912144,,,
-60.875,-52.625,376118658.73914236,,,
-60.875,-52.375,376118658.7391422,,,
-60.875,-52.125,376118658.73913395,,,
-60.875,-51.875,376118658.739139,,,
-60.875,-51.625,376118658.73913133,,,
-60.875,-51.375,376118658.739147,,,
-60.875,-51.125,376118658.73913413,,,
-60.875,-50.875,376118658.73914397,,,
-60.875,-50.625,376118658.7391301,,,
-60.875,-50.375,376118658.7391289,,,
-60.875,-50.125,376118658.73914933,,,
-61.125,-69.875,373169582.5805909,,,
-61.125,-69.625,373169582.5805976,,,
-61.125,-69.375,373169582.5805977,,,
-61.125,-69.125,373169582.58061147,,,
-61.125,-68.875,373169582.58059484,,,
-61.125,-68.625,373169582.5805938,,,
-61.125,-68.375,373169582.5805973,,,
-61.125,-68.125,373169582.58059007,,,
-61.125,-67.875,373169582.58061475,,,
-61.125,-67.625,373169582.5805961,,,
-61.125,-67.375,373169582.5805949,,,
-61.125,-67.125,373169582.5805968,,,
-61.125,-66.875,373169582.5806114,,,
-61.125,-66.625,373169582.58058953,,,
-61.125,-66.375,373169582.5805952,,,
-61.125,-66.125,373169582.58059716,,,
-61.125,-65.875,373169582.5805952,,,
-61.125,-65.625,373169582.58061266,,,
-61.125,-65.375,373169582.5805949,,,
-61.125,-65.125,373169582.58059186,,,
-61.125,-64.875,373169582.5805947,,,
-61.125,-64.625,373169582.5806098,,,
-61.125,-64.375,373169582.5805903,,,
-61.125,-64.125,373169582.5805972,,,
-61.125,-63.875,373169582.58059525,,,
-61.125,-63.625,373169582.5805934,,,
-61.125,-63.375,373169582.5806146,,,
-61.125,-63.125,373169582.5805945,,,
-61.125,-62.875,373169582.580596,,,
-61.125,-62.625,373169582.5805994,,,
-61.125,-62.375,373169582.5806159,,,
-61.125,-62.125,373169582.5805894,,,
-61.125,-61.875,373169582.5805941,,,
-61.125,-61.625,373169582.58059514,,,
-61.125,-61.375,373169582.5805959,,,
-61.125,-61.125,373169582.5806136,,,
-61.125,-60.875,373169582.5805923,,,
-61.125,-60.625,373169582.58059216,,,
-61.125,-60.375,373169582.58059543,,,
-61.125,-60.125,373169582.58061504,,,
-61.125,-59.875,373169582.58058995,,,
-61.125,-59.625,373169582.5805986,,,
-61.125,-59.375,373169582.5805861,,,
-61.125,-59.125,373169582.5805959,,,
-61.125,-58.875,373169582.5806151,,,
-61.125,-58.625,373169582.58059263,,,
-61.125,-58.375,373169582.5805937,,,
-61.125,-58.125,373169582.58058894,,,
-61.125,-57.875,373169582.5806136,,,
-61.125,-57.625,373169582.580591,,,
-61.125,-57.375,373169582.5805957,,,
-61.125,-57.125,373169582.58059525,,,
-61.125,-56.875,373169582.58060855,,,
-61.125,-56.625,373169582.58058995,,,
-61.125,-56.375,373169582.5806001,,,
-61.125,-56.125,373169582.58059,,,
-61.125,-55.875,373169582.58060366,,,
-61.125,-55.625,373169582.58059454,,,
-61.125,-54.375,373169582.5805986,,,
-61.125,-54.125,373169582.5805994,,,
-61.125,-53.875,373169582.5805971,,,
-61.125,-53.625,373169582.5806073,,,
-61.125,-53.375,373169582.5805895,,,
-61.125,-53.125,373169582.5806093,,,
-61.125,-52.875,373169582.5805916,,,
-61.125,-52.625,373169582.5805979,,,
-61.125,-52.375,373169582.58060443,,,
-61.125,-52.125,373169582.5805928,,,
-61.125,-51.875,373169582.58060205,,,
-61.125,-51.625,373169582.58059806,,,
-61.125,-51.375,373169582.58060855,,,
-61.125,-51.125,373169582.580595,,,
-61.125,-50.875,373169582.5806093,,,
-61.125,-50.625,373169582.5805867,,,
-61.125,-50.375,373169582.58059025,,,
-61.125,-50.125,373169582.5806106,,,
-61.375,-69.875,370213401.9508737,,,
-61.375,-69.625,370213401.95087165,,,
-61.375,-69.375,370213401.9508737,,,
-61.375,-69.125,370213401.9508887,,,
-61.375,-68.875,370213401.950877,,,
-61.375,-68.625,370213401.9508741,,,
-61.375,-68.375,370213401.950877,,,
-61.375,-68.125,370213401.9508704,,,
-61.375,-67.875,370213401.9508934,,,
-61.375,-67.625,370213401.9508778,,,
-61.375,-67.375,370213401.950874,,,
-61.375,-67.125,370213401.95087314,,,
-61.375,-66.875,370213401.9508905,,,
-61.375,-66.625,370213401.9508722,,,
-61.375,-66.375,370213401.9508753,,,
-61.375,-66.125,370213401.9508753,,,
-61.375,-65.875,370213401.9508722,,,
-61.375,-65.625,370213401.9508919,,,
-61.375,-65.375,370213401.9508762,,,
-61.375,-65.125,370213401.95087534,,,
-61.375,-64.875,370213401.9508785,,,
-61.375,-64.625,370213401.95088965,,,
-61.375,-64.375,370213401.9508724,,,
-61.375,-64.125,370213401.9508778,,,
-61.375,-63.875,370213401.9508715,,,
-61.375,-63.625,370213401.950872,,,
-61.375,-63.375,370213401.9508937,,,
-61.375,-63.125,370213401.9508728,,,
-61.375,-62.875,370213401.9508748,,,
-61.375,-62.625,370213401.9508705,,,
-61.375,-62.375,370213401.95089483,,,
-61.375,-62.125,370213401.9508717,,,
-61.375,-61.875,370213401.9508736,,,
-61.375,-61.625,370213401.9508776,,,
-61.375,-61.375,370213401.950872,,,
-61.375,-61.125,370213401.9508909,,,
-61.375,-60.875,370213401.9508743,,,
-61.375,-60.625,370213401.9508715,,,
-61.375,-60.375,370213401.950877,,,
-61.375,-60.125,370213401.9508903,,,
-61.375,-59.875,370213401.95086914,,,
-61.375,-59.625,370213401.9508843,,,
-61.375,-59.375,370213401.95087045,,,
-61.375,-59.125,370213401.9508752,,,
-61.375,-58.875,370213401.950892,,,
-61.375,-58.625,370213401.9508738,,,
-61.375,-58.375,370213401.9508771,,,
-61.375,-58.125,370213401.95087135,,,
-61.375,-57.875,370213401.95089006,,,
-61.375,-57.625,370213401.95086753,,,
-61.375,-57.375,370213401.9508719,,,
-61.375,-57.125,370213401.9508746,,,
-61.375,-56.875,370213401.9508899,,,
-61.375,-56.625,370213401.9508712,,,
-61.375,-56.375,370213401.9508928,,,
-61.375,-56.125,370213401.9508723,,,
-61.375,-55.875,370213401.9508839,,,
-61.375,-55.625,370213401.95087713,,,
-61.375,-55.375,370213401.95088935,,,
-61.375,-55.125,370213401.950873,,,
-61.375,-54.875,370213401.9508683,,,
-61.375,-54.625,370213401.9508789,,,
-61.375,-54.375,370213401.9508764,,,
-61.375,-54.125,370213401.9508803,,,
-61.375,-53.875,370213401.95088,,,
-61.375,-53.625,370213401.9508941,,,
-61.375,-53.375,370213401.9508686,,,
-61.375,-53.125,370213401.95088655,,,
-61.375,-52.875,370213401.9508751,,,
-61.375,-52.625,370213401.95087683,,,
-61.375,-52.375,370213401.95088154,,,
-61.375,-52.125,370213401.950872,,,
-61.375,-51.875,370213401.95086986,,,
-61.375,-51.625,370213401.95088273,,,
-61.375,-51.375,370213401.9508808,,,
-61.375,-51.125,370213401.95087343,,,
-61.375,-50.875,370213401.95088416,,,
-61.375,-50.625,370213401.9508674,,,
-61.375,-50.375,370213401.95087147,,,
-61.375,-50.125,370213401.9508869,,,
-61.625,-69.875,367250173.1313466,,,
-61.625,-69.625,367250173.13133794,,,
-61.625,-69.375,367250173.13134515,,,
-61.625,-69.125,367250173.13136226,,,
-61.625,-68.875,367250173.13135165,,,
-61.625,-68.625,367250173.1313478,,,
-61.625,-68.375,367250173.13134986,,,
-61.625,-68.125,367250173.13134176,,,
-61.625,-67.875,367250173.1313602,,,
-61.625,-67.625,367250173.13135576,,,
-61.625,-67.375,367250173.13134545,,,
-61.625,-67.125,367250173.13135225,,,
-61.625,-66.875,367250173.1313625,,,
-61.625,-66.625,367250173.1313409,,,
-61.625,-66.375,367250173.1313505,,,
-61.625,-66.125,367250173.1313468,,,
-61.625,-65.875,367250173.1313425,,,
-61.625,-65.625,367250173.1313647,,,
-61.625,-65.375,367250173.1313481,,,
-61.625,-65.125,367250173.13134617,,,
-61.625,-64.875,367250173.13134766,,,
-61.625,-64.625,367250173.13135797,,,
-61.625,-64.375,367250173.131346,,,
-61.625,-64.125,367250173.1313433,,,
-61.625,-63.875,367250173.13134515,,,
-61.625,-63.625,367250173.1313478,,,
-61.625,-63.375,367250173.13137335,,,
-61.625,-63.125,367250173.1313467,,,
-61.625,-62.875,367250173.13134575,,,
-61.625,-62.625,367250173.1313405,,,
-61.625,-62.375,367250173.1313712,,,
-61.625,-62.125,367250173.13134664,,,
-61.625,-61.875,367250173.13134617,,,
-61.625,-61.625,367250173.13134956,,,
-61.625,-61.375,367250173.13134575,,,
-61.625,-61.125,367250173.1313664,,,
-61.625,-60.875,367250173.13134617,,,
-61.625,-60.625,367250173.13134515,,,
-61.625,-60.375,367250173.13134795,,,
-61.625,-60.125,367250173.13136405,,,
-61.625,-59.875,367250173.13134444,,,
-61.625,-59.625,367250173.13135195,,,
-61.625,-59.375,367250173.1313438,,,
-61.625,-59.125,367250173.13134646,,,
-61.625,-58.875,367250173.1313713,,,
-61.625,-58.625,367250173.13134325,,,
-61.625,-58.375,367250173.1313433,,,
-61.625,-58.125,367250173.13134336,,,
-61.625,-57.875,367250173.1313609,,,
-61.625,-57.625,367250173.1313437,,,
-61.625,-57.375,367250173.13135195,,,
-61.625,-57.125,367250173.1313455,,,
-61.625,-56.875,367250173.1313581,,,
-61.625,-56.625,367250173.13134396,,,
-61.625,-56.375,367250173.1313566,,,
-61.625,-56.125,367250173.13134104,,,
-61.625,-55.875,367250173.1313563,,,
-61.625,-55.625,367250173.13134617,,,
-61.625,-55.375,367250173.1313606,,,
-61.625,-55.125,367250173.13134736,,,
-61.625,-54.875,367250173.13134223,,,
-61.625,-54.625,367250173.13135165,,,
-61.625,-54.375,367250173.13134724,,,
-61.625,-54.125,367250173.1313544,,,
-61.625,-53.875,367250173.13135386,,,
-61.625,-53.625,367250173.1313598,,,
-61.625,-53.375,367250173.13134044,,,
-61.625,-53.125,367250173.1313575,,,
-61.625,-52.875,367250173.13133883,,,
-61.625,-52.625,367250173.1313489,,,
-61.625,-52.375,367250173.1313581,,,
-61.625,-52.125,367250173.1313422,,,
-61.625,-51.875,367250173.13134754,,,
-61.625,-51.625,367250173.131357,,,
-61.625,-51.375,367250173.1313573,,,
-61.625,-51.125,367250173.1313458,,,
-61.625,-50.875,367250173.1313581,,,
-61.625,-50.625,367250173.1313416,,,
-61.625,-50.375,367250173.1313442,,,
-61.625,-50.125,367250173.1313661,,,
-61.875,-69.875,364279952.5374375,,,
-61.875,-69.625,364279952.5374356,,,
-61.875,-69.375,364279952.53743464,,,
-61.875,-69.125,364279952.5374518,,,
-61.875,-68.875,364279952.53743625,,,
-61.875,-68.625,364279952.5374322,,,
-61.875,-68.375,364279952.53743917,,,
-61.875,-68.125,364279952.5374311,,,
-61.875,-67.875,364279952.5374504,,,
-61.875,-67.625,364279952.53744066,,,
-61.875,-67.375,364279952.5374366,,,
-61.875,-67.125,364279952.53743464,,,
-61.875,-66.875,364279952.5374535,,,
-61.875,-66.625,364279952.5374297,,,
-61.875,-66.375,364279952.5374396,,,
-61.875,-66.125,364279952.53743744,,,
-61.875,-65.875,364279952.5374344,,,
-61.875,-65.625,364279952.5374504,,,
-61.875,-65.375,364279952.53743625,,,
-61.875,-65.125,364279952.53743845,,,
-61.875,-64.875,364279952.537435,,,
-61.875,-64.625,364279952.5374561,,,
-61.875,-64.375,364279952.5374349,,,
-61.875,-64.125,364279952.5374374,,,
-61.875,-63.875,364279952.5374308,,,
-61.875,-63.625,364279952.5374374,,,
-61.875,-63.375,364279952.5374554,,,
-61.875,-63.125,364279952.5374334,,,
-61.875,-62.875,364279952.5374394,,,
-61.875,-62.625,364279952.53743297,,,
-61.875,-62.375,364279952.5374545,,,
-61.875,-62.125,364279952.53744066,,,
-61.875,-61.875,364279952.5374317,,,
-61.875,-61.625,364279952.5374349,,,
-61.875,-61.375,364279952.53743464,,,
-61.875,-61.125,364279952.5374537,,,
-61.875,-60.875,364279952.53743607,,,
-61.875,-60.625,364279952.5374382,,,
-61.875,-60.375,364279952.5374393,,,
-61.875,-60.125,364279952.5374525,,,
-61.875,-59.875,364279952.53743446,,,
-61.875,-59.625,364279952.53744304,,,
-61.875,-59.375,364279952.5374311,,,
-61.875,-59.125,364279952.53743845,,,
-61.875,-58.875,364279952.53745896,,,
-61.875,-58.625,364279952.53743523,,,
-61.875,-57.125,364279952.5374291,,,
-61.875,-56.875,364279952.53744364,,,
-61.875,-56.625,364279952.5374379,,,
-61.875,-56.375,364279952.53744394,,,
-61.875,-56.125,364279952.5374288,,,
-61.875,-55.875,364279952.5374486,,,
-61.875,-55.625,364279952.5374377,,,
-61.875,-55.375,364279952.5374508,,,
-61.875,-55.125,364279952.5374313,,,
-61.875,-54.875,364279952.53742814,,,
-61.875,-54.625,364279952.53744537,,,
-61.875,-54.375,364279952.53743917,,,
-61.875,-54.125,364279952.5374379,,,
-61.875,-53.875,364279952.53744054,,,
-61.875,-53.625,364279952.53745127,,,
-61.875,-53.375,364279952.53743315,,,
-61.875,-53.125,364279952.5374418,,,
-61.875,-52.875,364279952.53743017,,,
-61.875,-52.625,364279952.53744215,,,
-61.875,-52.375,364279952.5374466,,,
-61.875,-52.125,364279952.5374275,,,
-61.875,-51.875,364279952.5374379,,,
-61.875,-51.625,364279952.5374403,,,
-61.875,-51.375,364279952.53745085,,,
-61.875,-51.125,364279952.5374399,,,
-61.875,-50.875,364279952.53743917,,,
-61.875,-50.625,364279952.53742754,,,
-61.875,-50.375,364279952.5374353,,,
-61.875,-50.125,364279952.5374501,,,
-62.125,-69.875,361302796.71770924,,,
-62.125,-69.625,361302796.7177148,,,
-62.125,-69.375,361302796.7177089,,,
-62.125,-69.125,361302796.7177253,,,
-62.125,-68.875,361302796.7177116,,,
-62.125,-68.625,361302796.7177057,,,
-62.125,-68.375,361302796.7177101,,,
-62.125,-68.125,361302796.71770644,,,
-62.125,-67.875,361302796.71772283,,,
-62.125,-67.625,361302796.71771467,,,
-62.125,-67.375,361302796.71770936,,,
-62.125,-67.125,361302796.71770686,,,
-62.125,-66.875,361302796.717729,,,
-62.125,-66.625,361302796.71770793,,,
-62.125,-66.375,361302796.717709,,,
-62.125,-66.125,361302796.71770936,,,
-62.125,-65.875,361302796.7177087,,,
-62.125,-65.625,361302796.7177224,,,
-62.125,-65.375,361302796.7177122,,,
-62.125,-65.125,361302796.7177094,,,
-62.125,-64.875,361302796.7177075,,,
-62.125,-64.625,361302796.71772414,,,
-62.125,-64.375,361302796.7177038,,,
-62.125,-64.125,361302796.7177145,,,
-62.125,-63.875,361302796.71770406,,,
-62.125,-63.625,361302796.7177049,,,
-62.125,-63.375,361302796.71772885,,,
-62.125,-63.125,361302796.71770984,,,
-62.125,-62.875,361302796.71770805,,,
-62.125,-62.625,361302796.71770823,,,
-62.125,-62.375,361302796.7177313,,,
-62.125,-62.125,361302796.71770245,,,
-62.125,-61.875,361302796.7177045,,,
-62.125,-61.625,361302796.71771234,,,
-62.125,-61.375,361302796.71770847,,,
-62.125,-61.125,361302796.71772593,,,
-62.125,-60.875,361302796.71770805,,,
-62.125,-60.625,361302796.7177085,,,
-62.125,-60.375,361302796.71771514,,,
-62.125,-60.125,361302796.7177277,,,
-62.125,-59.875,361302796.7177049,,,
-62.125,-59.625,361302796.7177148,,,
-62.125,-59.375,361302796.7177052,,,
-62.125,-59.125,361302796.7177126,,,
-62.125,-57.625,361302796.7177049,,,
-62.125,-57.375,361302796.7177159,,,
-62.125,-57.125,361302796.7177107,,,
-62.125,-56.875,361302796.71771646,,,
-62.125,-56.625,361302796.71770597,,,
-62.125,-56.375,361302796.71772414,,,
-62.125,-56.125,361302796.7176991,,,
-62.125,-55.875,361302796.71772087,,,
-62.125,-55.625,361302796.7177071,,,
-62.125,-55.375,361302796.71772444,,,
-62.125,-55.125,361302796.71770865,,,
-62.125,-54.875,361302796.71770793,,,
-62.125,-54.625,361302796.71771723,,,
-62.125,-54.375,361302796.7177052,,,
-62.125,-54.125,361302796.71770865,,,
-62.125,-53.875,361302796.71771497,,,
-62.125,-53.625,361302796.71772087,,,
-62.125,-53.375,361302796.7177071,,,
-62.125,-53.125,361302796.7177165,,,
-62.125,-52.875,361302796.71770436,,,
-62.125,-52.625,361302796.71771437,,,
-62.125,-52.375,361302796.71771,,,
-62.125,-52.125,361302796.7177031,,,
-62.125,-51.875,361302796.71771896,,,
-62.125,-51.625,361302796.7177159,,,
-62.125,-51.375,361302796.7177175,,,
-62.125,-51.125,361302796.7177141,,,
-62.125,-50.875,361302796.71771604,,,
-62.125,-50.625,361302796.7177015,,,
-62.125,-50.375,361302796.71771187,,,
-62.125,-50.125,361302796.7177193,,,
-62.375,-69.875,358318762.3527359,,,
-62.375,-69.625,358318762.35273945,,,
-62.375,-69.375,358318762.352741,,,
-62.375,-69.125,358318762.35275555,,,
-62.375,-68.875,358318762.35273826,,,
-62.375,-68.625,358318762.35273796,,,
-62.375,-68.375,358318762.352743,,,
-62.375,-68.125,358318762.35274017,,,
-62.375,-67.875,358318762.3527529,,,
-62.375,-67.625,358318762.3527478,,,
-62.375,-67.375,358318762.35273796,,,
-62.375,-67.125,358318762.35274076,,,
-62.375,-66.875,358318762.3527532,,,
-62.375,-66.625,358318762.3527359,,,
-62.375,-66.375,358318762.352743,,,
-62.375,-66.125,358318762.3527444,,,
-62.375,-65.875,358318762.3527343,,,
-62.375,-65.625,358318762.3527545,,,
-62.375,-65.375,358318762.35274434,,,
-62.375,-65.125,358318762.3527392,,,
-62.375,-64.875,358318762.35273945,,,
-62.375,-64.625,358318762.352749,,,
-62.375,-64.375,358318762.35273504,,,
-62.375,-64.125,358318762.3527426,,,
-62.375,-63.875,358318762.35273707,,,
-62.375,-63.625,358318762.35273963,,,
-62.375,-63.375,358318762.3527609,,,
-62.375,-63.125,358318762.35273796,,,
-62.375,-62.875,358318762.3527344,,,
-62.375,-62.625,358318762.35273933,,,
-62.375,-62.375,358318762.3527607,,,
-62.375,-62.125,358318762.3527384,,,
-62.375,-61.875,358318762.35273844,,,
-62.375,-61.625,358318762.35274005,,,
-62.375,-61.375,358318762.35273767,,,
-62.375,-61.125,358318762.3527558,,,
-62.375,-60.875,358318762.3527425,,,
-62.375,-60.625,358318762.35274166,,,
-62.375,-60.375,358318762.3527407,,,
-62.375,-60.125,358318762.3527592,,,
-62.375,-59.375,358318762.35273725,,,
-62.375,-58.625,358318762.3527363,,,
-62.375,-58.375,358318762.3527429,,,
-62.375,-58.125,358318762.35273933,,,
-62.375,-57.875,358318762.3527533,,,
-62.375,-57.625,358318762.3527401,,,
-62.375,-57.375,358318762.3527469,,,
-62.375,-57.125,358318762.35274076,,,
-62.375,-56.875,358318762.352749,,,
-62.375,-56.625,358318762.3527307,,,
-62.375,-56.375,358318762.3527553,,,
-62.375,-56.125,358318762.3527303,,,
-62.375,-55.875,358318762.35275084,,,
-62.375,-55.625,358318762.3527381,,,
-62.375,-55.375,358318762.35275185,,,
-62.375,-55.125,358318762.35273904,,,
-62.375,-54.875,358318762.35273576,,,
-62.375,-54.625,358318762.35274935,,,
-62.375,-54.375,358318762.3527303,,,
-62.375,-54.125,358318762.35274255,,,
-62.375,-53.875,358318762.35274553,,,
-62.375,-53.625,358318762.3527425,,,
-62.375,-53.375,358318762.35274154,,,
-62.375,-53.125,358318762.3527495,,,
-62.375,-52.875,358318762.3527284,,,
-62.375,-52.625,358318762.35274345,,,
-62.375,-52.375,358318762.3527492,,,
-62.375,-52.125,358318762.3527327,,,
-62.375,-51.875,358318762.352747,,,
-62.375,-51.625,358318762.35274696,,,
-62.375,-51.375,358318762.3527491,,,
-62.375,-51.125,358318762.35274285,,,
-62.375,-50.875,358318762.352747,,,
-62.375,-50.625,358318762.35272855,,,
-62.375,-50.375,358318762.3527447,,,
-62.375,-50.125,358318762.3527479,,,
-62.625,-69.875,355327906.25396013,,,
-62.625,-69.625,355327906.25396544,,,
-62.625,-69.375,355327906.25396377,,,
-62.625,-69.125,355327906.2539781,,,
-62.625,-68.875,355327906.25396544,,,
-62.625,-68.625,355327906.2539642,,,
-62.625,-68.375,355327906.25396585,,,
-62.625,-68.125,355327906.25396365,,,
-62.625,-67.875,355327906.25397575,,,
-62.625,-67.625,355327906.2539641,,,
-62.625,-67.375,355327906.25396186,,,
-62.625,-67.125,355327906.2539627,,,
-62.625,-66.875,355327906.2539786,,,
-62.625,-66.625,355327906.253962,,,
-62.625,-66.375,355327906.25396734,,,
-62.625,-66.125,355327906.2539621,,,
-62.625,-65.875,355327906.25395733,,,
-62.625,-65.625,355327906.25398093,,,
-62.625,-65.375,355327906.25396365,,,
-62.625,-65.125,355327906.25396585,,,
-62.625,-64.875,355327906.2539659,,,
-62.625,-64.625,355327906.25397986,,,
-62.625,-64.375,355327906.2539643,,,
-62.625,-64.125,355327906.253962,,,
-62.625,-63.875,355327906.2539583,,,
-62.625,-63.625,355327906.25396556,,,
-62.625,-63.375,355327906.25398433,,,
-62.625,-63.125,355327906.2539618,,,
-62.625,-62.875,355327906.2539593,,,
-62.625,-62.625,355327906.25396323,,,
-62.625,-62.375,355327906.2539869,,,
-62.625,-62.125,355327906.2539666,,,
-62.625,-61.875,355327906.2539545,,,
-62.625,-61.625,355327906.25395966,,,
-62.625,-61.375,355327906.2539606,,,
-62.625,-61.125,355327906.25398284,,,
-62.625,-59.625,355327906.2539647,,,
-62.625,-59.375,355327906.25396097,,,
-62.625,-59.125,355327906.25396305,,,
-62.625,-58.875,355327906.25398666,,,
-62.625,-58.625,355327906.2539595,,,
-62.625,-58.375,355327906.25396585,,,
-62.625,-58.125,355327906.2539624,,,
-62.625,-57.875,355327906.253975,,,
-62.625,-57.625,355327906.2539617,,,
-62.625,-57.375,355327906.25396544,,,
-62.625,-57.125,355327906.25396246,,,
-62.625,-56.875,355327906.2539718,,,
-62.625,-56.625,355327906.2539561,,,
-62.625,-56.375,355327906.25397456,,,
-62.625,-56.125,355327906.2539583,,,
-62.625,-55.875,355327906.2539746,,,
-62.625,-55.625,355327906.25395936,,,
-62.625,-55.375,355327906.253977,,,
-62.625,-55.125,355327906.253963,,,
-62.625,-54.875,355327906.2539603,,,
-62.625,-54.625,355327906.2539719,,,
-62.625,-54.375,355327906.2539587,,,
-62.625,-54.125,355327906.25396943,,,
-62.625,-53.875,355327906.25397164,,,
-62.625,-53.625,355327906.2539683,,,
-62.625,-53.375,355327906.253965,,,
-62.625,-53.125,355327906.253972,,,
-62.625,-52.875,355327906.2539596,,,
-62.625,-52.625,355327906.2539688,,,
-62.625,-52.375,355327906.25397307,,,
-62.625,-52.125,355327906.25395745,,,
-62.625,-51.875,355327906.25396824,,,
-62.625,-51.625,355327906.25396454,,,
-62.625,-51.375,355327906.2539724,,,
-62.625,-51.125,355327906.25396943,,,
-62.625,-50.875,355327906.253973,,,
-62.625,-50.625,355327906.2539515,,,
-62.625,-50.375,355327906.2539602,,,
-62.625,-50.125,355327906.2539741,,,
-62.875,-69.875,352330285.3627936,,,
-62.875,-69.625,352330285.3627995,,,
-62.875,-69.375,352330285.3627986,,,
-62.875,-69.125,352330285.3628101,,,
-62.875,-68.875,352330285.3627964,,,
-62.875,-68.625,352330285.3627953,,,
-62.875,-68.375,352330285.3627983,,,
-62.875,-68.125,352330285.3627983,,,
-62.875,-67.875,352330285.36281216,,,
-62.875,-67.625,352330285.36280173,,,
-62.875,-67.375,352330285.3627924,,,
-62.875,-67.125,352330285.3627975,,,
-62.875,-66.875,352330285.3628195,,,
-62.875,-66.625,352330285.3627951,,,
-62.875,-66.375,352330285.36279804,,,
-62.875,-66.125,352330285.3627983,,,
-62.875,-65.875,352330285.3627954,,,
-62.875,-65.625,352330285.3628189,,,
-62.875,-65.375,352330285.3627955,,,
-62.875,-65.125,352330285.3627957,,,
-62.875,-64.875,352330285.3628012,,,
-62.875,-64.625,352330285.36281425,,,
-62.875,-64.375,352330285.3627977,,,
-62.875,-64.125,352330285.36279404,,,
-62.875,-63.875,352330285.3627944,,,
-62.875,-63.625,352330285.36280143,,,
-62.875,-63.375,352330285.36282,,,
-62.875,-63.125,352330285.36279774,,,
-62.875,-62.875,352330285.3627951,,,
-62.875,-62.625,352330285.3627937,,,
-62.875,-62.375,352330285.3628177,,,
-62.875,-62.125,352330285.3627965,,,
-62.875,-61.875,352330285.3627991,,,
-62.875,-61.625,352330285.36279947,,,
-62.875,-60.875,352330285.36280155,,,
-62.875,-60.625,352330285.36279684,,,
-62.875,-60.375,352330285.3627972,,,
-62.875,-60.125,352330285.36281204,,,
-62.875,-59.875,352330285.3627949,,,
-62.875,-59.625,352330285.36279935,,,
-62.875,-59.375,352330285.3627969,,,
-62.875,-59.125,352330285.3627965,,,
-62.875,-58.875,352330285.3628178,,,
-62.875,-58.625,352330285.3627947,,,
-62.875,-58.375,352330285.36280227,,,
-62.875,-58.125,352330285.3627983,,,
-62.875,-57.875,352330285.3628096,,,
-62.875,-57.625,352330285.3627958,,,
-62.875,-57.375,352330285.36280215,,,
-62.875,-57.125,352330285.36280227,,,
-62.875,-56.875,352330285.3628057,,,
-62.875,-56.625,352330285.3627887,,,
-62.875,-56.375,352330285.3628102,,,
-62.875,-56.125,352330285.36279243,,,
-62.875,-55.875,352330285.36280835,,,
-62.875,-55.625,352330285.3627965,,,
-62.875,-55.375,352330285.3628164,,,
-62.875,-55.125,352330285.3627994,,,
-62.875,-54.875,352330285.3627932,,,
-62.875,-54.625,352330285.36279786,,,
-62.875,-54.375,352330285.362795,,,
-62.875,-54.125,352330285.3628007,,,
-62.875,-53.875,352330285.3628086,,,
-62.875,-53.625,352330285.3628009,,,
-62.875,-53.375,352330285.36279815,,,
-62.875,-53.125,352330285.36280525,,,
-62.875,-52.875,352330285.36279786,,,
-62.875,-52.625,352330285.3628018,,,
-62.875,-52.375,352330285.3628004,,,
-62.875,-52.125,352330285.3627986,,,
-62.875,-51.875,352330285.36279815,,,
-62.875,-51.625,352330285.3627963,,,
-62.875,-51.375,352330285.3628165,,,
-62.875,-51.125,352330285.3628008,,,
-62.875,-50.875,352330285.3628063,,,
-62.875,-50.625,352330285.36279225,,,
-62.875,-50.375,352330285.36279964,,,
-62.875,-50.125,352330285.3628134,,,
-63.125,-69.875,349325956.7493341,,,
-63.125,-69.625,349325956.7493344,,,
-63.125,-69.375,349325956.74933946,,,
-63.125,-69.125,349325956.7493509,,,
-63.125,-68.875,349325956.7493384,,,
-63.125,-68.625,349325956.7493337,,,
-63.125,-68.375,349325956.749338,,,
-63.125,-68.125,349325956.7493348,,,
-63.125,-67.875,349325956.74935293,,,
-63.125,-67.625,349325956.7493376,,,
-63.125,-67.375,349325956.7493304,,,
-63.125,-67.125,349325956.74933577,,,
-63.125,-66.875,349325956.7493569,,,
-63.125,-66.625,349325956.74933,,,
-63.125,-66.375,349325956.74934274,,,
-63.125,-66.125,349325956.7493408,,,
-63.125,-65.875,349325956.7493323,,,
-63.125,-65.625,349325956.74935514,,,
-63.125,-65.375,349325956.74933773,,,
-63.125,-65.125,349325956.7493364,,,
-63.125,-64.875,349325956.74933445,,,
-63.125,-64.625,349325956.7493533,,,
-63.125,-64.375,349325956.7493345,,,
-63.125,-64.125,349325956.749334,,,
-63.125,-63.875,349325956.74933714,,,
-63.125,-63.625,349325956.7493395,,,
-63.125,-63.375,349325956.74935776,,,
-63.125,-63.125,349325956.7493352,,,
-63.125,-62.875,349325956.74933356,,,
-63.125,-62.625,349325956.74933505,,,
-63.125,-62.375,349325956.74936146,,,
-63.125,-62.125,349325956.7493367,,,
-63.125,-61.875,349325956.7493338,,,
-63.125,-61.625,349325956.749336,,,
-63.125,-61.375,349325956.7493292,,,
-63.125,-61.125,349325956.74935573,,,
-63.125,-60.875,349325956.7493378,,,
-63.125,-60.625,349325956.7493376,,,
-63.125,-60.375,349325956.74933577,,,
-63.125,-60.125,349325956.74935514,,,
-63.125,-59.875,349325956.7493281,,,
-63.125,-59.625,349325956.7493403,,,
-63.125,-59.375,349325956.7493336,,,
-63.125,-59.125,349325956.749339,,,
-63.125,-58.875,349325956.7493595,,,
-63.125,-58.625,349325956.74933034,,,
-63.125,-58.375,349325956.7493374,,,
-63.125,-58.125,349325956.7493348,,,
-63.125,-57.875,349325956.7493503,,,
-63.125,-57.625,349325956.749334,,,
-63.125,-56.875,349325956.7493451,,,
-63.125,-56.625,349325956.74933213,,,
-63.125,-55.875,349325956.749349,,,
-63.125,-55.625,349325956.74933505,,,
-63.125,-55.375,349325956.7493525,,,
-63.125,-55.125,349325956.74933076,,,
-63.125,-54.875,349325956.7493384,,,
-63.125,-54.625,349325956.7493399,,,
-63.125,-54.375,349325956.7493364,,,
-63.125,-54.125,349325956.7493371,,,
-63.125,-53.875,349325956.7493465,,,
-63.125,-53.625,349325956.74933946,,,
-63.125,-53.375,349325956.7493367,,,
-63.125,-53.125,349325956.7493402,,,
-63.125,-52.875,349325956.7493346,,,
-63.125,-52.625,349325956.7493404,,,
-63.125,-52.375,349325956.7493454,,,
-63.125,-52.125,349325956.7493296,,,
-63.125,-51.875,349325956.7493406,,,
-63.125,-51.625,349325956.7493386,,,
-63.125,-51.375,349325956.7493507,,,
-63.125,-51.125,349325956.7493374,,,
-63.125,-50.875,349325956.7493407,,,
-63.125,-50.625,349325956.7493366,,,
-63.125,-50.375,349325956.7493337,,,
-63.125,-50.125,349325956.74934936,,,
-63.375,-69.875,346314977.6113976,,,
-63.375,-69.625,346314977.6113989,,,
-63.375,-69.375,346314977.6113989,,,
-63.375,-69.125,346314977.6114125,,,
-63.375,-68.875,346314977.6113974,,,
-63.375,-68.625,346314977.61139876,,,
-63.375,-68.375,346314977.6114005,,,
-63.375,-68.125,346314977.61139035,,,
-63.375,-67.875,346314977.6114139,,,
-63.375,-67.625,346314977.6114023,,,
-63.375,-67.375,346314977.61139435,,,
-63.375,-67.125,346314977.6113994,,,
-63.375,-66.875,346314977.61141866,,,
-63.375,-66.625,346314977.6113927,,,
-63.375,-66.375,346314977.61140096,,,
-63.375,-66.125,346314977.61140037,,,
-63.375,-65.875,346314977.6113948,,,
-63.375,-65.625,346314977.6114144,,,
-63.375,-65.375,346314977.6113992,,,
-63.375,-65.125,346314977.6113976,,,
-63.375,-64.875,346314977.61139584,,,
-63.375,-64.625,346314977.6114172,,,
-63.375,-64.375,346314977.61139446,,,
-63.375,-64.125,346314977.6113975,,,
-63.375,-63.875,346314977.6114001,,,
-63.375,-63.625,346314977.6113972,,,
-63.375,-63.375,346314977.611419,,,
-63.375,-63.125,346314977.6114008,,,
-63.375,-62.875,346314977.61139846,,,
-63.375,-62.625,346314977.61139476,,,
-63.375,-62.375,346314977.6114218,,,
-63.375,-62.125,346314977.6113968,,,
-63.375,-61.875,346314977.61139137,,,
-63.375,-61.625,346314977.6114045,,,
-63.375,-61.375,346314977.61139196,,,
-63.375,-61.125,346314977.6114186,,,
-63.375,-60.875,346314977.61139405,,,
-63.375,-60.625,346314977.6113958,,,
-63.375,-60.375,346314977.6113993,,,
-63.375,-60.125,346314977.6114191,,,
-63.375,-59.875,346314977.6113908,,,
-63.375,-59.625,346314977.611406,,,
-63.375,-59.375,346314977.6113979,,,
-63.375,-59.125,346314977.61140305,,,
-63.375,-58.875,346314977.6114203,,,
-63.375,-58.625,346314977.6113956,,,
-63.375,-56.625,346314977.61139107,,,
-63.375,-55.625,346314977.6113933,,,
-63.375,-55.375,346314977.6114185,,,
-63.375,-55.125,346314977.6113952,,,
-63.375,-54.875,346314977.6113967,,,
-63.375,-54.625,346314977.6114034,,,
-63.375,-54.375,346314977.6113994,,,
-63.375,-54.125,346314977.6114005,,,
-63.375,-53.875,346314977.61140615,,,
-63.375,-53.625,346314977.6114052,,,
-63.375,-53.375,346314977.6113971,,,
-63.375,-53.125,346314977.61139965,,,
-63.375,-52.875,346314977.61139584,,,
-63.375,-52.625,346314977.6114016,,,
-63.375,-52.375,346314977.6114102,,,
-63.375,-52.125,346314977.6113889,,,
-63.375,-51.875,346314977.61140406,,,
-63.375,-51.625,346314977.61140233,,,
-63.375,-51.375,346314977.6114113,,,
-63.375,-51.125,346314977.61139715,,,
-63.375,-50.875,346314977.6114056,,,
-63.375,-50.625,346314977.61140007,,,
-63.375,-50.375,346314977.61139244,,,
-63.375,-50.125,346314977.6114104,,,
-63.625,-69.875,343297405.273318,,,
-63.625,-69.625,343297405.2733178,,,
-63.625,-69.375,343297405.2733182,,,
-63.625,-69.125,343297405.2733333,,,
-63.625,-68.875,343297405.2733159,,,
-63.625,-68.625,343297405.2733153,,,
-63.625,-68.375,343297405.2733251,,,
-63.625,-68.125,343297405.2733205,,,
-63.625,-67.875,343297405.2733357,,,
-63.625,-67.625,343297405.27332217,,,
-63.625,-67.375,343297405.2733126,,,
-63.625,-67.125,343297405.27332056,,,
-63.625,-66.875,343297405.27333695,,,
-63.625,-66.625,343297405.27331454,,,
-63.625,-66.375,343297405.2733246,,,
-63.625,-66.125,343297405.27332187,,,
-63.625,-65.875,343297405.273315,,,
-63.625,-65.625,343297405.27333385,,,
-63.625,-65.375,343297405.2733237,,,
-63.625,-65.125,343297405.27332103,,,
-63.625,-64.875,343297405.2733204,,,
-63.625,-64.625,343297405.27333754,,,
-63.625,-64.375,343297405.27331525,,,
-63.625,-64.125,343297405.27332,,,
-63.625,-63.875,343297405.2733227,,,
-63.625,-63.625,343297405.2733204,,,
-63.625,-63.375,343297405.27333796,,,
-63.625,-63.125,343297405.2733173,,,
-63.625,-62.875,343297405.27331966,,,
-63.625,-62.625,343297405.27331924,,,
-63.625,-62.375,343297405.2733374,,,
-63.625,-62.125,343297405.2733185,,,
-63.625,-61.875,343297405.2733162,,,
-63.625,-61.625,343297405.2733231,,,
-63.625,-61.375,343297405.2733161,,,
-63.625,-61.125,343297405.27333695,,,
-63.625,-60.875,343297405.27331597,,,
-63.625,-60.625,343297405.2733227,,,
-63.625,-60.375,343297405.2733238,,,
-63.625,-60.125,343297405.27333355,,,
-63.625,-59.875,343297405.27331144,,,
-63.625,-59.625,343297405.27332574,,,
-63.625,-59.375,343297405.2733153,,,
-63.625,-57.125,343297405.2733213,,,
-63.625,-56.375,343297405.27332944,,,
-63.625,-56.125,343297405.27331483,,,
-63.625,-55.375,343297405.2733315,,,
-63.625,-55.125,343297405.2733174,,,
-63.625,-54.875,343297405.2733175,,,
-63.625,-54.625,343297405.2733245,,,
-63.625,-54.375,343297405.27331597,,,
-63.625,-54.125,343297405.27332765,,,
-63.625,-53.875,343297405.27332306,,,
-63.625,-53.625,343297405.2733245,,,
-63.625,-53.375,343297405.2733132,,,
-63.625,-53.125,343297405.273322,,,
-63.625,-52.875,343297405.273319,,,
-63.625,-52.625,343297405.2733271,,,
-63.625,-52.375,343297405.2733276,,,
-63.625,-52.125,343297405.27331555,,,
-63.625,-51.875,343297405.2733205,,,
-63.625,-51.625,343297405.2733268,,,
-63.625,-51.375,343297405.2733307,,,
-63.625,-51.125,343297405.27331954,,,
-63.625,-50.875,343297405.27332574,,,
-63.625,-50.625,343297405.2733151,,,
-63.625,-50.375,343297405.2733162,,,
-63.625,-50.125,343297405.27332824,,,
-63.875,-69.875,340273297.1850435,,,
-63.875,-69.625,340273297.1850427,,,
-63.875,-69.375,340273297.18504035,,,
-63.875,-69.125,340273297.185062,,,
-63.875,-68.875,340273297.1850483,,,
-63.875,-68.625,340273297.1850416,,,
-63.875,-68.375,340273297.1850471,,,
-63.875,-68.125,340273297.18504155,,,
-63.875,-67.875,340273297.18505424,,,
-63.875,-67.625,340273297.18505144,,,
-63.875,-67.375,340273297.18504274,,,
-63.875,-67.125,340273297.1850418,,,
-63.875,-66.875,340273297.1850639,,,
-63.875,-66.625,340273297.18504244,,,
-63.875,-66.375,340273297.1850485,,,
-63.875,-66.125,340273297.18504745,,,
-63.875,-65.875,340273297.1850369,,,
-63.875,-65.625,340273297.1850593,,,
-63.875,-65.375,340273297.1850475,,,
-63.875,-65.125,340273297.1850435,,,
-63.875,-64.875,340273297.1850479,,,
-63.875,-64.625,340273297.18506175,,,
-63.875,-64.375,340273297.18504393,,,
-63.875,-64.125,340273297.18504035,,,
-63.875,-63.875,340273297.1850417,,,
-63.875,-63.625,340273297.185046,,,
-63.875,-63.375,340273297.18506455,,,
-63.875,-63.125,340273297.18504083,,,
-63.875,-62.875,340273297.18504405,,,
-63.875,-62.625,340273297.18504107,,,
-63.875,-62.375,340273297.1850658,,,
-63.875,-62.125,340273297.18504584,,,
-63.875,-61.875,340273297.1850373,,,
-63.875,-61.625,340273297.1850478,,,
-63.875,-61.375,340273297.18504035,,,
-63.875,-61.125,340273297.1850617,,,
-63.875,-60.125,340273297.18506044,,,
-63.875,-56.875,340273297.18504655,,,
-63.875,-56.625,340273297.1850416,,,
-63.875,-56.375,340273297.1850534,,,
-63.875,-56.125,340273297.1850436,,,
-63.875,-55.875,340273297.18505394,,,
-63.875,-55.625,340273297.185042,,,
-63.875,-55.375,340273297.18505436,,,
-63.875,-55.125,340273297.1850426,,,
-63.875,-54.875,340273297.18504834,,,
-63.875,-54.625,340273297.1850476,,,
-63.875,-54.375,340273297.18504465,,,
-63.875,-54.125,340273297.18505824,,,
-63.875,-53.875,340273297.18504715,,,
-63.875,-53.625,340273297.1850526,,,
-63.875,-53.375,340273297.1850398,,,
-63.875,-53.125,340273297.18505836,,,
-63.875,-52.875,340273297.1850387,,,
-63.875,-52.625,340273297.18504655,,,
-63.875,-52.375,340273297.18505,,,
-63.875,-52.125,340273297.1850405,,,
-63.875,-51.875,340273297.1850493,,,
-63.875,-51.625,340273297.18505025,,,
-63.875,-51.375,340273297.1850507,,,
-63.875,-51.125,340273297.18504494,,,
-63.875,-50.875,340273297.1850496,,,
-63.875,-50.625,340273297.18504506,,,
-63.875,-50.375,340273297.1850445,,,
-63.875,-50.125,340273297.18505716,,,
-64.125,-69.875,337242710.92086333,,,
-64.125,-69.625,337242710.9208654,,,
-64.125,-69.375,337242710.92086434,,,
-64.125,-69.125,337242710.9208854,,,
-64.125,-68.875,337242710.92086536,,,
-64.125,-68.625,337242710.920863,,,
-64.125,-68.375,337242710.92086995,,,
-64.125,-68.125,337242710.9208649,,,
-64.125,-67.875,337242710.92087847,,,
-64.125,-67.625,337242710.9208752,,,
-64.125,-67.375,337242710.9208636,,,
-64.125,-67.125,337242710.9208646,,,
-64.125,-66.875,337242710.92088205,,,
-64.125,-66.625,337242710.9208627,,,
-64.125,-66.375,337242710.92086625,,,
-64.125,-66.125,337242710.9208708,,,
-64.125,-65.875,337242710.92085797,,,
-64.125,-65.625,337242710.92088455,,,
-64.125,-65.375,337242710.9208697,,,
-64.125,-65.125,337242710.92086375,,,
-64.125,-64.875,337242710.9208673,,,
-64.125,-64.625,337242710.92088026,,,
-64.125,-64.375,337242710.9208585,,,
-64.125,-64.125,337242710.9208694,,,
-64.125,-63.875,337242710.9208633,,,
-64.125,-63.625,337242710.9208651,,,
-64.125,-63.375,337242710.9208883,,,
-64.125,-63.125,337242710.9208636,,,
-64.125,-62.875,337242710.9208703,,,
-64.125,-61.875,337242710.9208651,,,
-64.125,-61.625,337242710.92086583,,,
-64.125,-61.375,337242710.92087066,,,
-64.125,-61.125,337242710.92088604,,,
-64.125,-58.125,337242710.9208663,,,
-64.125,-57.875,337242710.92087805,,,
-64.125,-57.625,337242710.92086065,,,
-64.125,-56.875,337242710.92087656,,,
-64.125,-56.625,337242710.92086864,,,
-64.125,-56.375,337242710.9208731,,,
-64.125,-56.125,337242710.9208655,,,
-64.125,-55.875,337242710.92087615,,,
-64.125,-55.625,337242710.92086905,,,
-64.125,-55.375,337242710.92087823,,,
-64.125,-55.125,337242710.92086256,,,
-64.125,-54.875,337242710.9208686,,,
-64.125,-54.625,337242710.9208705,,,
-64.125,-54.375,337242710.9208668,,,
-64.125,-54.125,337242710.92087644,,,
-64.125,-53.875,337242710.9208703,,,
-64.125,-53.625,337242710.92087775,,,
-64.125,-53.375,337242710.92086405,,,
-64.125,-53.125,337242710.92087823,,,
-64.125,-52.875,337242710.920863,,,
-64.125,-52.625,337242710.92087466,,,
-64.125,-52.375,337242710.92087173,,,
-64.125,-52.125,337242710.92086005,,,
-64.125,-51.875,337242710.92086834,,,
-64.125,-51.625,337242710.92087066,,,
-64.125,-51.375,337242710.9208716,,,
-64.125,-51.125,337242710.9208693,,,
-64.125,-50.875,337242710.9208728,,,
-64.125,-50.625,337242710.9208654,,,
-64.125,-50.375,337242710.9208641,,,
-64.125,-50.125,337242710.920887,,,
-64.375,-69.875,334205704.1783804,,,
-64.375,-69.625,334205704.17838997,,,
-64.375,-69.375,334205704.17838615,,,
-64.375,-69.125,334205704.17840225,,,
-64.375,-68.875,334205704.1783827,,,
-64.375,-68.625,334205704.17838657,,,
-64.375,-68.375,334205704.17838633,,,
-64.375,-68.125,334205704.1783827,,,
-64.375,-67.875,334205704.17840016,,,
-64.375,-67.625,334205704.17839247,,,
-64.375,-67.375,334205704.1783787,,,
-64.375,-67.125,334205704.1783855,,,
-64.375,-66.875,334205704.1784036,,,
-64.375,-66.625,334205704.1783858,,,
-64.375,-66.375,334205704.1783832,,,
-64.375,-66.125,334205704.17839164,,,
-64.375,-65.875,334205704.1783845,,,
-64.375,-65.625,334205704.1784011,,,
-64.375,-65.375,334205704.1783929,,,
-64.375,-65.125,334205704.1783841,,,
-64.375,-64.875,334205704.1783888,,,
-64.375,-64.625,334205704.1783998,,,
-64.375,-64.375,334205704.1783826,,,
-64.375,-64.125,334205704.1783891,,,
-64.375,-63.875,334205704.17838573,,,
-64.375,-62.875,334205704.1783872,,,
-64.375,-61.875,334205704.1783827,,,
-64.375,-61.625,334205704.17838037,,,
-64.375,-58.375,334205704.1783924,,,
-64.375,-58.125,334205704.17837983,,,
-64.375,-57.875,334205704.1783974,,,
-64.375,-57.625,334205704.1783881,,,
-64.375,-57.375,334205704.17839164,,,
-64.375,-56.625,334205704.1783846,,,
-64.375,-56.375,334205704.17839605,,,
-64.375,-56.125,334205704.1783805,,,
-64.375,-55.875,334205704.1783973,,,
-64.375,-55.625,334205704.1783871,,,
-64.375,-55.375,334205704.178397,,,
-64.375,-55.125,334205704.17838216,,,
-64.375,-54.875,334205704.17838943,,,
-64.375,-54.625,334205704.1783897,,,
-64.375,-54.375,334205704.1783826,,,
-64.375,-54.125,334205704.1783902,,,
-64.375,-53.875,334205704.17838854,,,
-64.375,-53.625,334205704.17839175,,,
-64.375,-53.375,334205704.17838216,,,
-64.375,-53.125,334205704.17839813,,,
-64.375,-52.875,334205704.178384,,,
-64.375,-52.625,334205704.1783881,,,
-64.375,-52.375,334205704.17839396,,,
-64.375,-52.125,334205704.17837924,,,
-64.375,-51.875,334205704.178384,,,
-64.375,-51.625,334205704.17839575,,,
-64.375,-51.375,334205704.1783912,,,
-64.375,-51.125,334205704.1783942,,,
-64.375,-50.875,334205704.17839175,,,
-64.375,-50.625,334205704.1783823,,,
-64.375,-50.375,334205704.17838234,,,
-64.375,-50.125,334205704.1784055,,,
-64.625,-69.875,331162334.7774504,,,
-64.625,-69.625,331162334.7774555,,,
-64.625,-69.375,331162334.7774547,,,
-64.625,-69.125,331162334.777475,,,
-64.625,-68.875,331162334.7774573,,,
-64.625,-68.625,331162334.7774569,,,
-64.625,-68.375,331162334.7774544,,,
-64.625,-68.125,331162334.77745414,,,
-64.625,-67.875,331162334.7774694,,,
-64.625,-67.625,331162334.77745956,,,
-64.625,-67.375,331162334.77745605,,,
-64.625,-67.125,331162334.77745914,,,
-64.625,-66.875,331162334.7774742,,,
-64.625,-66.625,331162334.77745277,,,
-64.625,-66.375,331162334.7774555,,,
-64.625,-66.125,331162334.77746415,,,
-64.625,-65.875,331162334.77745456,,,
-64.625,-65.625,331162334.777472,,,
-64.625,-65.375,331162334.77745724,,,
-64.625,-65.125,331162334.7774529,,,
-64.625,-64.875,331162334.7774606,,,
-64.625,-64.625,331162334.77747095,,,
-64.625,-64.375,331162334.77745616,,,
-64.625,-62.625,331162334.7774582,,,
-64.625,-62.375,331162334.7774693,,,
-64.625,-62.125,331162334.77745605,,,
-64.625,-59.125,331162334.7774577,,,
-64.625,-58.875,331162334.7774808,,,
-64.625,-58.625,331162334.77744764,,,
-64.625,-58.375,331162334.7774607,,,
-64.625,-58.125,331162334.7774471,,,
-64.625,-57.875,331162334.77746814,,,
-64.625,-57.625,331162334.77746034,,,
-64.625,-57.375,331162334.7774589,,,
-64.625,-57.125,331162334.7774559,,,
-64.625,-56.875,331162334.7774676,,,
-64.625,-56.625,331162334.7774515,,,
-64.625,-56.375,331162334.7774671,,,
-64.625,-56.125,331162334.7774491,,,
-64.625,-55.875,331162334.77747136,,,
-64.625,-55.625,331162334.7774562,,,
-64.625,-55.375,331162334.7774709,,,
-64.625,-55.125,331162334.777449,,,
-64.625,-54.875,331162334.77745867,,,
-64.625,-54.625,331162334.77745914,,,
-64.625,-54.375,331162334.77745616,,,
-64.625,-54.125,331162334.7774614,,,
-64.625,-53.875,331162334.777459,,,
-64.625,-53.625,331162334.7774635,,,
-64.625,-53.375,331162334.77745163,,,
-64.625,-53.125,331162334.7774708,,,
-64.625,-52.875,331162334.7774515,,,
-64.625,-52.625,331162334.77745855,,,
-64.625,-52.375,331162334.7774669,,,
-64.625,-52.125,331162334.77744824,,,
-64.625,-51.875,331162334.7774571,,,
-64.625,-51.625,331162334.77746725,,,
-64.625,-51.375,331162334.77746224,,,
-64.625,-51.125,331162334.77745813,,,
-64.625,-50.875,331162334.77746063,,,
-64.625,-50.625,331162334.7774543,,,
-64.625,-50.375,331162334.7774591,,,
-64.625,-50.125,331162334.7774682,,,
-64.875,-69.875,328112660.6589569,,,
-64.875,-69.625,328112660.6589642,,,
-64.875,-69.375,328112660.65895975,,,
-64.875,-69.125,328112660.65897524,,,
-64.875,-68.875,328112660.65896225,,,
-64.875,-68.625,328112660.65896124,,,
-64.875,-68.375,328112660.6589637,,,
-64.875,-68.125,328112660.65896064,,,
-64.875,-67.875,328112660.6589743,,,
-64.875,-67.625,328112660.6589604,,,
-64.875,-67.375,328112660.658964,,,
-64.875,-67.125,328112660.6589608,,,
-64.875,-66.875,328112660.6589839,,,
-64.875,-66.625,328112660.65895957,,,
-64.875,-66.375,328112660.6589622,,,
-64.875,-66.125,328112660.6589645,,,
-64.875,-65.875,328112660.6589565,,,
-64.875,-65.625,328112660.6589787,,,
-64.875,-65.375,328112660.65896416,,,
-64.875,-65.125,328112660.6589623,,,
-64.875,-64.875,328112660.6589627,,,
-64.875,-64.625,328112660.65897495,,,
-64.875,-64.375,328112660.65896046,,,
-64.875,-64.125,328112660.65896356,,,
-64.875,-63.875,328112660.65896046,,,
-64.875,-63.625,328112660.6589619,,,
-64.875,-59.875,328112660.6589513,,,
-64.875,-59.625,328112660.65897083,,,
-64.875,-59.375,328112660.65895665,,,
-64.875,-59.125,328112660.6589602,,,
-64.875,-58.875,328112660.6589859,,,
-64.875,-58.625,328112660.65895957,,,
-64.875,-58.375,328112660.65896773,,,
-64.875,-58.125,328112660.65896153,,,
-64.875,-57.875,328112660.6589777,,,
-64.875,-57.625,328112660.6589624,,,
-64.875,-57.375,328112660.6589666,,,
-64.875,-57.125,328112660.65895915,,,
-64.875,-56.875,328112660.65897393,,,
-64.875,-56.625,328112660.65895504,,,
-64.875,-56.375,328112660.6589743,,,
-64.875,-56.125,328112660.6589559,,,
-64.875,-55.875,328112660.6589765,,,
-64.875,-55.625,328112660.6589624,,,
-64.875,-55.375,328112660.658977,,,
-64.875,-55.125,328112660.6589602,,,
-64.875,-54.875,328112660.658962,,,
-64.875,-54.625,328112660.6589685,,,
-64.875,-54.375,328112660.65896463,,,
-64.875,-54.125,328112660.6589701,,,
-64.875,-53.875,328112660.6589652,,,
-64.875,-53.625,328112660.6589766,,,
-64.875,-53.375,328112660.65896,,,
-64.875,-53.125,328112660.6589775,,,
-64.875,-52.875,328112660.65895265,,,
-64.875,-52.625,328112660.6589671,,,
-64.875,-52.375,328112660.6589681,,,
-64.875,-52.125,328112660.65896416,,,
-64.875,-51.875,328112660.65896314,,,
-64.875,-51.625,328112660.6589656,,,
-64.875,-51.375,328112660.65896845,,,
-64.875,-51.125,328112660.6589632,,,
-64.875,-50.875,328112660.6589703,,,
-64.875,-50.625,328112660.65895563,,,
-64.875,-50.375,328112660.65896124,,,
-64.875,-50.125,328112660.65897804,,,
-65.125,-69.875,325056739.8838918,,,
-65.125,-69.625,325056739.88390213,,,
-65.125,-69.375,325056739.8838964,,,
-65.125,-69.125,325056739.88391227,,,
-65.125,-68.875,325056739.8839015,,,
-65.125,-68.625,325056739.88389724,,,
-65.125,-68.375,325056739.883901,,,
-65.125,-68.125,325056739.88389635,,,
-65.125,-67.875,325056739.88391286,,,
-65.125,-67.625,325056739.8838995,,,
-65.125,-67.375,325056739.8838984,,,
-65.125,-67.125,325056739.8838992,,,
-65.125,-66.875,325056739.8839197,,,
-65.125,-66.625,325056739.8838939,,,
-65.125,-66.375,325056739.8838991,,,
-65.125,-66.125,325056739.8839028,,,
-65.125,-65.875,325056739.88389754,,,
-65.125,-65.625,325056739.8839167,,,
-65.125,-65.375,325056739.8839014,,,
-65.125,-65.125,325056739.8839011,,,
-65.125,-64.875,325056739.8838997,,,
-65.125,-64.625,325056739.88391197,,,
-65.125,-64.375,325056739.88390046,,,
-65.375,-69.875,321994630.63210464,,,
-65.375,-69.625,321994630.6321049,,,
-65.375,-69.375,321994630.6321086,,,
-65.375,-69.125,321994630.6321226,,,
-65.375,-68.875,321994630.6321055,,,
-65.375,-68.625,321994630.63210505,,,
-65.375,-68.375,321994630.63210905,,,
-65.375,-68.125,321994630.632104,,,
-65.375,-67.875,321994630.6321198,,,
-65.375,-67.625,321994630.6321088,,,
-65.375,-67.375,321994630.6321059,,,
-65.375,-67.125,321994630.6321084,,,
-65.375,-66.875,321994630.63212126,,,
-65.375,-66.625,321994630.6321076,,,
-65.375,-66.375,321994630.6321093,,,
-65.375,-66.125,321994630.6321135,,,
-65.375,-65.875,321994630.6321019,,,
-65.375,-65.625,321994630.6321202,,,
-65.375,-65.375,321994630.6321059,,,
-65.375,-65.125,321994630.632106,,,
-65.375,-64.875,321994630.63210523,,,
-65.375,-64.625,321994630.6321183,,,
-65.375,-64.375,321994630.6321037,,,
-65.625,-69.875,318926391.2012369,,,
-65.625,-69.625,318926391.20123965,,,
-65.625,-69.375,318926391.20124304,,,
-65.625,-69.125,318926391.20125574,,,
-65.625,-68.875,318926391.2012406,,,
-65.625,-68.625,318926391.20123756,,,
-65.625,-68.375,318926391.20124155,,,
-65.625,-68.125,318926391.20123976,,,
-65.625,-67.875,318926391.20125437,,,
-65.625,-67.625,318926391.20124364,,,
-65.625,-67.375,318926391.20123917,,,
-65.625,-67.125,318926391.20124185,,,
-65.625,-66.875,318926391.2012599,,,
-65.625,-66.625,318926391.2012417,,,
-65.625,-66.375,318926391.20123893,,,
-65.625,-66.125,318926391.2012403,,,
-65.625,-65.125,318926391.2012371,,,
-65.625,-64.875,318926391.201242,,,
-65.625,-64.625,318926391.2012593,,,
-65.875,-69.875,315852080.0055928,,,
-65.875,-69.625,315852080.00559914,,,
-65.875,-69.375,315852080.00560033,,,
-65.875,-69.125,315852080.00561154,,,
-65.875,-68.875,315852080.00559664,,,
-65.875,-68.625,315852080.0055964,,,
-65.875,-68.375,315852080.00560105,,,
-65.875,-68.125,315852080.00559735,,,
-65.875,-67.875,315852080.0056085,,,
-65.875,-67.625,315852080.0056015,,,
-65.875,-67.375,315852080.00559556,,,
-65.875,-67.125,315852080.00559103,,,
-65.875,-66.875,315852080.0056144,,,
-65.875,-66.625,315852080.0055936,,,
-65.875,-66.375,315852080.00560105,,,
-65.875,-65.375,315852080.00560015,,,
-65.875,-65.125,315852080.0055924,,,
-65.875,-64.875,315852080.00559926,,,
-66.125,-69.875,312771755.57514054,,,
-66.125,-69.625,312771755.57513815,,,
-66.125,-69.375,312771755.5751395,,,
-66.125,-69.125,312771755.5751499,,,
-66.125,-68.875,312771755.5751387,,,
-66.125,-68.625,312771755.5751396,,,
-66.125,-68.375,312771755.57513684,,,
-66.125,-68.125,312771755.57513607,,,
-66.125,-67.875,312771755.57514954,,,
-66.125,-67.625,312771755.5751409,,,
-66.125,-67.375,312771755.57513267,,,
-66.125,-67.125,312771755.5751365,,,
-66.125,-66.875,312771755.5751592,,,
-66.125,-66.625,312771755.5751318,,,
-66.125,-66.375,312771755.5751412,,,
-66.125,-66.125,312771755.5751405,,,
-66.125,-65.875,312771755.57513714,,,
-66.375,-69.875,309685476.55420744,,,
-66.375,-69.625,309685476.55420536,,,
-66.375,-69.375,309685476.5542073,,,
-66.375,-69.125,309685476.5542164,,,
-66.375,-68.875,309685476.5542081,,,
-66.375,-68.625,309685476.55420375,,,
-66.375,-68.375,309685476.55420613,,,
-66.375,-68.125,309685476.55420446,,,
-66.375,-67.875,309685476.55422133,,,
-66.375,-67.625,309685476.55420786,,,
-66.375,-67.375,309685476.5542069,,,
-66.375,-67.125,309685476.55420387,,,
-66.375,-66.875,309685476.5542242,,,
-66.375,-66.625,309685476.55420125,,,
-66.375,-66.375,309685476.55420566,,,
-66.375,-66.125,309685476.5542063,,,
-66.375,-65.875,309685476.5542049,,,
-66.625,-69.875,306593301.7005151,,,
-66.625,-69.625,306593301.7005217,,,
-66.625,-69.375,306593301.7005172,,,
-66.625,-69.125,306593301.7005304,,,
-66.625,-68.875,306593301.70051813,,,
-66.625,-68.625,306593301.70051855,,,
-66.625,-68.375,306593301.7005191,,,
-66.625,-67.375,306593301.7005182,,,
-66.625,-67.125,306593301.7005178,,,
-66.625,-66.875,306593301.7005365,,,
-66.625,-66.625,306593301.7005187,,,
-66.875,-69.875,303495289.8840353,,,
-66.875,-69.625,303495289.8840389,,,
-66.875,-69.375,303495289.88403904,,,
-66.875,-69.125,303495289.88405055,,,
-66.875,-68.875,303495289.8840387,,,
-66.875,-68.625,303495289.8840379,,,
-66.875,-66.875,303495289.88405335,,,
-66.875,-66.625,303495289.884037,,,
-67.125,-69.875,300391500.0857566,,,
-67.125,-69.625,300391500.08576155,,,
-67.125,-69.375,300391500.0857581,,,
-67.125,-69.125,300391500.0857742,,,
-67.125,-68.875,300391500.0857591,,,
-67.375,-69.875,297281991.3967494,,,
-67.375,-69.625,297281991.39675444,,,
-67.375,-69.375,297281991.39674807,,,
-67.375,-69.125,297281991.39676636,,,
-67.625,-69.875,294166823.01689017,,,
-67.625,-69.625,294166823.0168903,,,
-67.625,-69.375,294166823.01688814,,,
-67.625,-67.875,294166823.0169057,,,
-67.875,-69.875,291046054.2537892,,,
-67.875,-69.625,291046054.2537949,,,
-67.875,-69.375,291046054.2537898,,,
-67.875,-69.125,291046054.25380546,,,
-67.875,-68.875,291046054.2537987,,,
-67.875,-68.625,291046054.2537885,,,
-67.875,-68.375,291046054.25379544,,,
-67.875,-68.125,291046054.2537948,,,
-67.875,-67.875,291046054.2538058,,,
-67.875,-67.625,291046054.2537926,,,
-67.875,-67.375,291046054.2537902,,,
-68.125,-69.875,287919744.52164066,,,
-68.125,-69.625,287919744.5216487,,,
-68.125,-69.375,287919744.5216416,,,
-68.125,-69.125,287919744.521656,,,
-68.125,-68.875,287919744.52164674,,,
-68.125,-68.625,287919744.5216402,,,
-68.125,-68.375,287919744.5216428,,,
-68.125,-68.125,287919744.52164,,,
-68.125,-67.875,287919744.521651,,,
-68.125,-67.625,287919744.5216415,,,
-68.125,-67.375,287919744.52164125,,,
-68.375,-69.875,284787953.34016335,,,
-68.375,-69.625,284787953.3401684,,,
-68.375,-69.375,284787953.34016687,,,
-68.375,-69.125,284787953.34017974,,,
-68.375,-68.875,284787953.3401681,,,
-68.375,-68.625,284787953.34016424,,,
-68.375,-68.375,284787953.3401722,,,
-68.375,-68.125,284787953.3401673,,,
-68.375,-67.875,284787953.34017724,,,
-68.375,-67.625,284787953.3401725,,,
-68.375,-67.375,284787953.3401702,,,
-68.375,-67.125,284787953.34016716,,,
-68.625,-69.875,281650740.33335924,,,
-68.625,-69.625,281650740.3333692,,,
-68.625,-69.375,281650740.3333665,,,
-68.625,-69.125,281650740.33337414,,,
-68.625,-68.875,281650740.3333673,,,
-68.625,-68.625,281650740.3333615,,,
-68.625,-68.375,281650740.33336985,,,
-68.625,-68.125,281650740.33336204,,,
-68.625,-67.875,281650740.33337545,,,
-68.625,-67.625,281650740.33337057,,,
-68.625,-67.375,281650740.33336884,,,
-68.875,-69.875,278508165.2284663,,,
-68.875,-69.625,278508165.22847104,,,
-68.875,-69.375,278508165.2284719,,,
-68.875,-69.125,278508165.22848254,,,
-68.875,-68.875,278508165.2284698,,,
-68.875,-68.625,278508165.2284656,,,
-68.875,-68.375,278508165.22847277,,,
-68.875,-68.125,278508165.2284668,,,
-68.875,-67.875,278508165.2284831,,,
-68.875,-67.625,278508165.22847533,,,
-69.125,-69.625,275360287.85477644,,,
-69.125,-69.375,275360287.8547753,,,
-69.125,-69.125,275360287.85479146,,,
-69.125,-68.875,275360287.85477936,,,
-69.125,-68.625,275360287.8547763,,,
-69.125,-68.375,275360287.8547798,,,
-69.125,-68.125,275360287.85477835,,,
-69.125,-67.875,275360287.8547883,,,
-69.125,-67.625,275360287.85478,,,
-69.125,-67.375,275360287.8547789,,,
-69.125,-67.125,275360287.85477674,,,
-69.375,-69.125,272207168.1424789,,,
-69.375,-68.875,272207168.1424729,,,
-69.625,-68.875,269048866.1215838,,,
-69.875,-68.875,265885441.92074108,,,
-69.875,-68.625,265885441.92074206,,,
